,,,,,No disease. (100).jpg
,,,,,No disease. (101).jpg
,,,,,No disease. (102).jpg
,,,,,No disease. (103).jpg
,,,,,No disease. (104).jpg
,,,,,No disease. (105).jpg
,,,,,No disease. (106).jpg
,,,,,No disease. (107).jpg
,,,,,No disease. (108).jpg
,,,,,No disease. (109).jpg
,,,,,No disease. (10).jpeg
,,,,,No disease. (10).jpg
,,,,,No disease. (110).jpg
,,,,,No disease. (111).jpg
,,,,,No disease. (112).jpg
,,,,,No disease. (113).jpg
,,,,,No disease. (114).jpg
,,,,,No disease. (115).jpg
,,,,,No disease. (116).jpg
,,,,,No disease. (117).jpg
,,,,,No disease. (118).jpg
,,,,,No disease. (119).jpg
,,,,,No disease. (11).jpeg
,,,,,No disease. (11).jpg
,,,,,No disease. (120).jpg
,,,,,No disease. (121).jpg
,,,,,No disease. (122).jpg
,,,,,No disease. (123).jpg
,,,,,No disease. (124).jpg
,,,,,No disease. (125).jpg
,,,,,No disease. (126).jpg
,,,,,No disease. (127).jpg
,,,,,No disease. (128).jpg
,,,,,No disease. (129).jpg
,,,,,No disease. (12).jpeg
,,,,,No disease. (12).jpg
,,,,,No disease. (130).jpg
,,,,,No disease. (131).jpg
,,,,,No disease. (132).jpg
,,,,,No disease. (133).jpg
,,,,,No disease. (134).jpg
,,,,,No disease. (135).jpg
,,,,,No disease. (136).jpg
,,,,,No disease. (137).jpg
,,,,,No disease. (138).jpg
,,,,,No disease. (139).jpg
,,,,,No disease. (13).jpeg
,,,,,No disease. (13).jpg
,,,,,No disease. (140).jpg
,,,,,No disease. (141).jpg
,,,,,No disease. (142).jpg
,,,,,No disease. (143).jpg
,,,,,No disease. (144).jpg
,,,,,No disease. (145).jpg
,,,,,No disease. (146).jpg
,,,,,No disease. (147).jpg
,,,,,No disease. (148).jpg
,,,,,No disease. (149).jpg
,,,,,No disease. (14).jpeg
,,,,,No disease. (14).jpg
,,,,,No disease. (150).jpg
,,,,,No disease. (151).jpg
,,,,,No disease. (152).jpg
,,,,,No disease. (153).jpg
,,,,,No disease. (154).jpg
,,,,,No disease. (155).jpg
,,,,,No disease. (156).jpg
,,,,,No disease. (157).jpg
,,,,,No disease. (158).jpg
,,,,,No disease. (159).jpg
,,,,,No disease. (15).jpeg
,,,,,No disease. (15).jpg
,,,,,No disease. (160).jpg
,,,,,No disease. (161).jpg
,,,,,No disease. (162).jpg
,,,,,No disease. (163).jpg
,,,,,No disease. (164).jpg
,,,,,No disease. (165).jpg
,,,,,No disease. (166).jpg
,,,,,No disease. (167).jpg
,,,,,No disease. (168).jpg
,,,,,No disease. (169).jpg
,,,,,No disease. (16).jpeg
,,,,,No disease. (16).jpg
,,,,,No disease. (170).jpg
,,,,,No disease. (171).jpg
,,,,,No disease. (172).jpg
,,,,,No disease. (173).jpg
,,,,,No disease. (174).jpg
,,,,,No disease. (175).jpg
,,,,,No disease. (176).jpg
,,,,,No disease. (177).jpg
,,,,,No disease. (178).jpg
,,,,,No disease. (179).jpg
,,,,,No disease. (17).jpeg
,,,,,No disease. (17).jpg
,,,,,No disease. (180).jpg
,,,,,No disease. (181).jpg
,,,,,No disease. (182).jpg
,,,,,No disease. (183).jpg
,,,,,No disease. (184).jpg
,,,,,No disease. (185).jpg
,,,,,No disease. (186).jpg
,,,,,No disease. (187).jpg
,,,,,No disease. (188).jpg
,,,,,No disease. (18).jpeg
,,,,,No disease. (18).jpg
,,,,,No disease. (19).jpg
,,,,,No disease. (1).jpeg
,,,,,No disease. (1).jpg
,,,,,No disease. (20).jpg
,,,,,No disease. (21).jpg
,,,,,No disease. (22).jpg
,,,,,No disease. (23).jpg
,,,,,No disease. (24).jpg
,,,,,No disease. (25).jpg
,,,,,No disease. (26).jpg
,,,,,No disease. (27).jpg
,,,,,No disease. (28).jpg
,,,,,No disease. (29).jpg
,,,,,No disease. (2).jpeg
,,,,,No disease. (2).jpg
,,,,,No disease. (30).jpg
,,,,,No disease. (31).jpg
,,,,,No disease. (32).jpg
,,,,,No disease. (33).jpg
,,,,,No disease. (34).jpg
,,,,,No disease. (35).jpg
,,,,,No disease. (36).jpg
,,,,,No disease. (37).jpg
,,,,,No disease. (38).jpg
,,,,,No disease. (39).jpg
,,,,,No disease. (3).jpeg
,,,,,No disease. (3).jpg
,,,,,No disease. (40).jpg
,,,,,No disease. (41).jpg
,,,,,No disease. (42).jpg
,,,,,No disease. (43).jpg
,,,,,No disease. (44).jpg
,,,,,No disease. (45).jpg
,,,,,No disease. (46).jpg
,,,,,No disease. (47).jpg
,,,,,No disease. (48).jpg
,,,,,No disease. (49).jpg
,,,,,No disease. (4).jpeg
,,,,,No disease. (4).jpg
,,,,,No disease. (50).jpg
,,,,,No disease. (51).jpg
,,,,,No disease. (52).jpg
,,,,,No disease. (53).jpg
,,,,,No disease. (54).jpg
,,,,,No disease. (55).jpg
,,,,,No disease. (56).jpg
,,,,,No disease. (57).jpg
,,,,,No disease. (58).jpg
,,,,,No disease. (59).jpg
,,,,,No disease. (5).jpeg
,,,,,No disease. (5).jpg
,,,,,No disease. (60).jpg
,,,,,No disease. (61).jpg
,,,,,No disease. (62).jpg
,,,,,No disease. (63).jpg
,,,,,No disease. (64).jpg
,,,,,No disease. (65).jpg
,,,,,No disease. (66).jpg
,,,,,No disease. (67).jpg
,,,,,No disease. (68).jpg
,,,,,No disease. (69).jpg
,,,,,No disease. (6).jpeg
,,,,,No disease. (6).jpg
,,,,,No disease. (70).jpg
,,,,,No disease. (71).jpg
,,,,,No disease. (72).jpg
,,,,,No disease. (73).jpg
,,,,,No disease. (74).jpg
,,,,,No disease. (75).jpg
,,,,,No disease. (76).jpg
,,,,,No disease. (77).jpg
,,,,,No disease. (78).jpg
,,,,,No disease. (79).jpg
,,,,,No disease. (7).jpeg
,,,,,No disease. (7).jpg
,,,,,No disease. (80).jpg
,,,,,No disease. (81).jpg
,,,,,No disease. (82).jpg
,,,,,No disease. (83).jpg
,,,,,No disease. (84).jpg
,,,,,No disease. (85).jpg
,,,,,No disease. (86).jpg
,,,,,No disease. (87).jpg
,,,,,No disease. (88).jpg
,,,,,No disease. (89).jpg
,,,,,No disease. (8).jpeg
,,,,,No disease. (8).jpg
,,,,,No disease. (90).jpg
,,,,,No disease. (91).jpg
,,,,,No disease. (92).jpg
,,,,,No disease. (93).jpg
,,,,,No disease. (94).jpg
,,,,,No disease. (95).jpg
,,,,,No disease. (96).jpg
,,,,,No disease. (97).jpg
,,,,,No disease. (98).jpg
,,,,,No disease. (99).jpg
,,,,,No disease. (9).jpeg
,,,,,No disease. (9).jpg